{
    "models": {
        "beamline": [
            {
                "grazingAngle": 3.1415926,
                "heightAmplification": 1,
                "heightProfileFile": "mirror_1d.dat",
                "horizontalTransverseSize": 1,
                "id": 11,
                "orientation": "x",
                "position": 740.51,
                "title": "fee_m1h",
                "type": "mirror",
                "verticalTransverseSize": 1
            },
            {
                "grazingAngle": 3.1415926,
                "heightAmplification": 1,
                "heightProfileFile": "mirror_1d.dat",
                "horizontalTransverseSize": 1,
                "id": 12,
                "orientation": "x",
                "position": 751.8430000000001,
                "title": "fee_m2h",
                "type": "mirror",
                "verticalTransverseSize": 1
            },
            {
                "horizontalOffset": 0,
                "horizontalSize": 1,
                "id": 14,
                "position": 773.605,
                "shape": "r",
                "title": "hx2_slits",
                "type": "aperture",
                "verticalOffset": 0,
                "verticalSize": 1
            },
            {
                "horizontalOffset": 0,
                "horizontalSize": 1,
                "id": 15,
                "position": 809.966,
                "shape": "r",
                "title": "um6_slits",
                "type": "aperture",
                "verticalOffset": 0,
                "verticalSize": 1
            },
            {
                "grazingAngle": 3.1415926,
                "heightAmplification": 1,
                "heightProfileFile": "mirror_1d.dat",
                "horizontalTransverseSize": 1,
                "id": 16,
                "orientation": "x",
                "position": 814.716,
                "title": "xrt_m1h",
                "type": "mirror",
                "verticalTransverseSize": 1
            },
            {
                "grazingAngle": 3.1415926,
                "heightAmplification": 1,
                "heightProfileFile": "mirror_1d.dat",
                "horizontalTransverseSize": 1,
                "id": 17,
                "orientation": "x",
                "position": 817.1160000000001,
                "title": "xrt_m2h",
                "type": "mirror",
                "verticalTransverseSize": 1
            },
            {
                "horizontalOffset": 0,
                "horizontalSize": 1,
                "id": 13,
                "position": 958.689,
                "shape": "r",
                "title": "hxd_dg2_slits",
                "type": "aperture",
                "verticalOffset": 0,
                "verticalSize": 1
            },
            {
                "id": 18,
                "position": 959.689,
                "title": "Watchpoint",
                "type": "watch"
            }
        ],
        "brillianceReport": {
            "brightnessComponent": "k-tuning",
            "detuning": 0,
            "energyDelta": 1000,
            "energyPointCount": 100,
            "finalHarmonic": 5,
            "initialHarmonic": 1,
            "minDeflection": 0.2,
            "notes": "",
            "reportType": "0"
        },
        "electronBeam": {
            "beamDefinition": "t",
            "beamSelector": "NSLS-II Low Beta Final",
            "current": 0.5,
            "energy": 3,
            "energyDeviation": 0,
            "horizontalAlpha": 0,
            "horizontalBeta": 2.02,
            "horizontalDispersion": 0,
            "horizontalDispersionDerivative": 0,
            "horizontalEmittance": 0.55,
            "isReadOnly": true,
            "name": "NSLS-II Low Beta Final",
            "rmsDivergX": 16.50082506188016,
            "rmsDivergY": 2.7472112789737806,
            "rmsSizeX": 33.33166662499792,
            "rmsSizeY": 2.9120439557122078,
            "rmsSpread": 0.00089,
            "verticalAlpha": 0,
            "verticalBeta": 1.06,
            "verticalDispersion": 0,
            "verticalDispersionDerivative": 0,
            "verticalEmittance": 0.008,
            "xxprX": 0,
            "xxprY": 0
        },
        "electronBeamPosition": {
            "drift": 0,
            "driftCalculationMethod": "auto",
            "horizontalAngle": 0,
            "horizontalPosition": 0,
            "verticalAngle": 0,
            "verticalPosition": 0
        },
        "fluxAnimation": {
            "azimuthalPrecision": 1,
            "distanceFromSource": 20,
            "finalEnergy": 20000,
            "finalHarmonic": 15,
            "fluxType": 1,
            "horizontalApertureSize": "1",
            "horizontalPosition": 0,
            "initialEnergy": 10000,
            "initialHarmonic": 1,
            "longitudinalPrecision": 1,
            "magneticField": 2,
            "method": 1,
            "notes": "",
            "numberOfMacroElectrons": 100000,
            "photonEnergyPointCount": 1000,
            "polarization": 6,
            "precision": 0.01,
            "verticalApertureSize": "1",
            "verticalPosition": 0
        },
        "fluxReport": {
            "azimuthalPrecision": 1,
            "distanceFromSource": 20,
            "finalEnergy": 20000,
            "finalHarmonic": 15,
            "fluxType": 1,
            "horizontalApertureSize": "1",
            "horizontalPosition": 0,
            "initialEnergy": "100",
            "initialHarmonic": 1,
            "longitudinalPrecision": 1,
            "magneticField": 1,
            "method": -1,
            "notes": "",
            "numberOfMacroElectrons": 1,
            "photonEnergyPointCount": 10000,
            "polarization": 6,
            "precision": 0.01,
            "verticalApertureSize": "1",
            "verticalPosition": 0
        },
        "gaussianBeam": {
            "energyPerPulse": "0.001",
            "photonEnergy": 500,
            "polarization": 1,
            "rmsDivergenceX": 0,
            "rmsDivergenceY": 0,
            "rmsPulseDuration": 0.01,
            "rmsSizeX": 10,
            "rmsSizeY": 10,
            "sizeDefinition": "1",
            "waistAngleX": 0,
            "waistAngleY": 0,
            "waistX": 0,
            "waistY": 0,
            "waistZ": 0
        },
        "initialIntensityReport": {
            "characteristic": 0,
            "colorMap": "grayscale",
            "copyCharacteristic": "0",
            "fieldUnits": "2",
            "intensityPlotsScale": "linear",
            "intensityPlotsWidth": "0",
            "notes": "",
            "polarization": 6,
            "precision": 0.01
        },
        "intensityReport": {
            "distanceFromSource": 20,
            "fieldUnits": 1,
            "finalEnergy": "20000",
            "horizontalPosition": "0",
            "initialEnergy": "100",
            "magneticField": 1,
            "method": 0,
            "notes": "",
            "photonEnergyPointCount": 10000,
            "polarization": 6,
            "precision": 0.01,
            "verticalPosition": 0
        },
        "mirrorReport": {
            "intensityPlotsScale": "linear",
            "intensityPlotsWidth": "0",
            "notes": ""
        },
        "multiElectronAnimation": {
            "colorMap": "grayscale",
            "horizontalPosition": 0,
            "horizontalRange": 10,
            "integrationMethod": "0",
            "intensityPlotsScale": "linear",
            "intensityPlotsWidth": "0",
            "notes": "",
            "numberOfMacroElectrons": 100000,
            "photonEnergyBandWidth": 0,
            "stokesParameter": "0",
            "verticalPosition": 0,
            "verticalRange": 10,
            "watchpointId": 18
        },
        "multipole": {
            "distribution": "n",
            "field": 0.4,
            "length": 3,
            "order": 1
        },
        "panelState": {
            "hidden": [
                "watchpointReport10"
            ]
        },
        "postPropagation": [
            0,
            0,
            1,
            0,
            0,
            "0.1",
            1,
            "0.1",
            1,
            0,
            0,
            0,
            0,
            0,
            0,
            0,
            0
        ],
        "powerDensityReport": {
            "colorMap": "grayscale",
            "distanceFromSource": 20,
            "horizontalPointCount": 100,
            "horizontalPosition": "0",
            "horizontalRange": "15",
            "intensityPlotsScale": "linear",
            "intensityPlotsWidth": "0",
            "method": 1,
            "notes": "",
            "precision": "1",
            "verticalPointCount": 100,
            "verticalPosition": 0,
            "verticalRange": "15"
        },
        "propagation": {
            "11": [
                [
                    0,
                    0,
                    1,
                    0,
                    0,
                    1,
                    1,
                    1,
                    1,
                    0,
                    0,
                    0,
                    0,
                    0,
                    0,
                    0,
                    0
                ],
                [
                    0,
                    0,
                    1,
                    1,
                    0,
                    1,
                    1,
                    1,
                    1,
                    0,
                    0,
                    0,
                    0,
                    0,
                    0,
                    0,
                    0
                ]
            ],
            "12": [
                [
                    0,
                    0,
                    1,
                    0,
                    0,
                    1,
                    1,
                    1,
                    1,
                    0,
                    0,
                    0,
                    0,
                    0,
                    0,
                    0,
                    0
                ],
                [
                    0,
                    0,
                    1,
                    1,
                    0,
                    1,
                    1,
                    1,
                    1,
                    0,
                    0,
                    0,
                    0,
                    0,
                    0,
                    0,
                    0
                ]
            ],
            "13": [
                [
                    0,
                    0,
                    1,
                    0,
                    0,
                    1,
                    1,
                    1,
                    1,
                    0,
                    0,
                    0,
                    0,
                    0,
                    0,
                    0,
                    0
                ],
                [
                    0,
                    0,
                    1,
                    1,
                    0,
                    1,
                    1,
                    1,
                    1,
                    0,
                    0,
                    0,
                    0,
                    0,
                    0,
                    0,
                    0
                ]
            ],
            "14": [
                [
                    0,
                    0,
                    1,
                    0,
                    0,
                    1,
                    1,
                    1,
                    1,
                    0,
                    0,
                    0,
                    0,
                    0,
                    0,
                    0,
                    0
                ],
                [
                    0,
                    0,
                    1,
                    1,
                    0,
                    1,
                    1,
                    1,
                    1,
                    0,
                    0,
                    0,
                    0,
                    0,
                    0,
                    0,
                    0
                ]
            ],
            "15": [
                [
                    0,
                    0,
                    1,
                    0,
                    0,
                    1,
                    1,
                    1,
                    1,
                    0,
                    0,
                    0,
                    0,
                    0,
                    0,
                    0,
                    0
                ],
                [
                    0,
                    0,
                    1,
                    1,
                    0,
                    1,
                    1,
                    1,
                    1,
                    0,
                    0,
                    0,
                    0,
                    0,
                    0,
                    0,
                    0
                ]
            ],
            "16": [
                [
                    0,
                    0,
                    1,
                    0,
                    0,
                    1,
                    1,
                    1,
                    1,
                    0,
                    0,
                    0,
                    0,
                    0,
                    0,
                    0,
                    0
                ],
                [
                    0,
                    0,
                    1,
                    1,
                    0,
                    1,
                    1,
                    1,
                    1,
                    0,
                    0,
                    0,
                    0,
                    0,
                    0,
                    0,
                    0
                ]
            ],
            "17": [
                [
                    0,
                    0,
                    1,
                    0,
                    0,
                    1,
                    1,
                    1,
                    1,
                    0,
                    0,
                    0,
                    0,
                    0,
                    0,
                    0,
                    0
                ],
                [
                    0,
                    0,
                    1,
                    1,
                    0,
                    1,
                    1,
                    1,
                    1,
                    0,
                    0,
                    0,
                    0,
                    0,
                    0,
                    0,
                    0
                ]
            ],
            "18": [
                [
                    0,
                    0,
                    1,
                    0,
                    0,
                    1,
                    1,
                    1,
                    1,
                    0,
                    0,
                    0,
                    0,
                    0,
                    0,
                    0,
                    0
                ],
                [
                    0,
                    0,
                    1,
                    1,
                    0,
                    1,
                    1,
                    1,
                    1,
                    0,
                    0,
                    0,
                    0,
                    0,
                    0,
                    0,
                    0
                ]
            ]
        },
        "simulation": {
            "distanceFromSource": 740.51,
            "documentationUrl": "",
            "folder": "/",
            "horizontalPointCount": 100,
            "horizontalPosition": 0,
            "horizontalRange": 16,
            "isExample": false,
            "name": "HXD",
            "notes": "",
            "outOfSessionSimulationId": "",
            "photonEnergy": 500,
            "sampleFactor": 0.2,
            "samplingMethod": 1,
            "simulationId": "q02UrT9N",
            "simulationSerial": 1532381188332708,
            "sourceType": "g",
            "verticalPointCount": 100,
            "verticalPosition": 0,
            "verticalRange": 16
        },
        "simulationStatus": {},
        "sourceIntensityReport": {
            "characteristic": 0,
            "colorMap": "grayscale",
            "distanceFromSource": 125.1,
            "fieldUnits": "2",
            "horizontalPointCount": 100,
            "horizontalPosition": 0,
            "horizontalRange": 16,
            "intensityPlotsScale": "linear",
            "intensityPlotsWidth": "0",
            "notes": "",
            "photonEnergy": 500,
            "polarization": 6,
            "precision": 0.01,
            "sampleFactor": 0.2,
            "samplingMethod": 1,
            "verticalPointCount": 100,
            "verticalPosition": 0,
            "verticalRange": 16
        },
        "tabulatedUndulator": {
            "gap": 6.72,
            "id": "6H7xeJKF 1",
            "indexFileName": "",
            "magneticFile": "magnetic_measurements.zip",
            "name": "Undulator",
            "phase": 0,
            "undulatorSelector": "Undulator",
            "undulatorType": "u_t"
        },
        "trajectoryReport": {
            "finalTimeMoment": 0,
            "initialTimeMoment": 0,
            "magneticField": "2",
            "notes": "",
            "numberOfPoints": 10000,
            "plotAxisX": "Z",
            "plotAxisY": "X",
            "plotAxisY2": "None",
            "timeMomentEstimation": "auto"
        },
        "undulator": {
            "effectiveDeflectingParameter": 1.65776086,
            "horizontalAmplitude": "0",
            "horizontalDeflectingParameter": 0,
            "horizontalInitialPhase": 0,
            "horizontalSymmetry": 1,
            "length": 3,
            "longitudinalPosition": 0,
            "period": "20",
            "verticalAmplitude": "0.88770981",
            "verticalDeflectingParameter": 1.65776086,
            "verticalInitialPhase": 0,
            "verticalSymmetry": -1
        },
        "watchpointReport18": {
            "characteristic": 0,
            "colorMap": "grayscale",
            "copyCharacteristic": "0",
            "fieldUnits": "1",
            "intensityPlotsScale": "linear",
            "intensityPlotsWidth": "0",
            "notes": "",
            "polarization": 6,
            "precision": 0.01
        }
    },
    "report": "watchpointReport5",
    "simulationType": "srw",
    "version": "20180709.000000"
}